张少英,内蒙古农业大学,农学院
马庆,内蒙古农业大学,农学院
宗哲英,内蒙古农业大学,机电工程学院
于卓,内蒙古农业大学,农学院
张胜,内蒙古农业大学,农学院
闫宝瑞,内蒙古农业大学,机电工程学院
高聚林,内蒙古农业大学,农学院
樊明寿,内蒙古农业大学,农学院
郭文义,内蒙古农业大学,机电工程学院
张红旗,内蒙古农业大学,机电工程学院
段立清,内蒙古农业大学,林学院
刘伟峰,内蒙古农业大学,机电工程学院
庞保平,内蒙古农业大学,农学院
吴利斌,内蒙古农业大学,机电工程学院
洪宝棣,内蒙古农业大学,机电工程学院
李荣禧,内蒙古农业大学,农学院
钱珊珠,内蒙古农业大学,机电工程学院
杜文亮,内蒙古农业大学,机电工程学院
李奋荣,内蒙古农业大学,机电工程学院
郝丽珍,内蒙古农业大学,农学院
毕玉革,内蒙古农业大学,机电工程学院
高利军,内蒙古农业大学,机电工程学院
胡俊,内蒙古农业大学,农学院
李海军,内蒙古农业大学,机电工程学院
李连国,内蒙古农业大学,农学院
王春光,内蒙古农业大学,机电工程学院
云兴福,内蒙古农业大学,农学院
康文彪,内蒙古农业大学,机电工程学院
菊林花,内蒙古农业大学,动物科学与医学学院
赖双英,内蒙古农业大学,动物科学与医学学院
敖力格玛,内蒙古农业大学,动物科学与医学学院
赵士杰,内蒙古农业大学,机电工程学院
余凤岭,内蒙古农业大学,动物科学与医学学院
侯先志,内蒙古农业大学,动物科学与医学学院
敖长金,内蒙古农业大学,动物科学与医学学院
赵满全,内蒙古农业大学,机电工程学院
道尔吉,内蒙古农业大学,动物科学与医学学院
周欢敏,内蒙古农业大学,动物科学与医学学院
卡必拉,内蒙古农业大学,动物科学与医学学院
刘震乙,内蒙古农业大学,动物科学与医学学院
吴桂芳,内蒙古农业大学,机电工程学院
麻硕士,内蒙古农业大学,机电工程学院
娜仁花,内蒙古农业大学,外国语言学院
张文广,内蒙古农业大学,动物科学与医学学院
白桦,内蒙古农业大学,动物科学与医学学院
金曙光,内蒙古农业大学,动物科学与医学学院
达布西拉图,内蒙古农业大学,动物科学与医学学院
闫晚姝,内蒙古农业大学,动物科学与医学学院
杨明韶,内蒙古农业大学,机电工程学院
霍鲜鲜,内蒙古农业大学,动物科学与医学学院
刘常乐,内蒙古农业大学,动物科学与医学学院
赵艳红,内蒙古农业大学,动物科学与医学学院
童淑敏,内蒙古农业大学,机电工程学院
张立岭,内蒙古农业大学,动物科学与医学学院
吉木斯,内蒙古农业大学,动物科学与医学学院
李金泉,内蒙古农业大学,动物科学与医学学院
安玉君,内蒙古农业大学,动物科学与医学学院
王乃凤,内蒙古农业大学,动物科学与医学学院
王俊,内蒙古农业大学,动物科学与医学学院
那仁巴图,内蒙古农业大学,动物科学与医学学院
王志新,内蒙古农业大学,动物科学与医学学院
王彦容,内蒙古农业大学,动物科学与医学学院
考桂兰,内蒙古农业大学,动物科学与医学学院
王海荣,内蒙古农业大学,动物科学与医学学院
双金,内蒙古农业大学,动物科学与医学学院
嘎尔迪,内蒙古农业大学,动物科学与医学学院
闫素梅,内蒙古农业大学,动物科学与医学学院
红蕾,内蒙古农业大学,动物科学与医学学院
吐日根白乙拉,内蒙古农业大学,动物科学与医学学院
骆丽芝,内蒙古农业大学,动物科学与医学学院
高爱琴,内蒙古农业大学,动物科学与医学学院
赵志恭,内蒙古农业大学,动物科学与医学学院
蔡宏永,内蒙古农业大学,动物科学与医学学院
禹旺盛,内蒙古农业大学,动物科学与医学学院
吉尔嘎拉,内蒙古农业大学,动物科学与医学学院
周薇,内蒙古农业大学,动物科学与医学学院
罗旭光,内蒙古农业大学,动物科学与医学学院
杨晓虹,内蒙古农业大学,动物科学与医学学院
马迎新,内蒙古农业大学,动物科学与医学学院
史彬林,内蒙古农业大学,动物科学与医学学院
张润厚,内蒙古农业大学,动物科学与医学学院
齐景伟,内蒙古农业大学,动物科学与医学学院
张佐忠,内蒙古农业大学,动物科学与医学学院
敖日格乐,内蒙古农业大学,动物科学与医学学院
布日古德,内蒙古农业大学,动物科学与医学学院
吉仁泰,内蒙古农业大学,动物科学与医学学院
乔灵女,内蒙古农业大学,动物科学与医学学院
关红女,内蒙古农业大学,动物科学与医学学院
徐斯日古楞女,内蒙古农业大学,动物科学与医学学院
徐晓静,内蒙古农业大学,动物科学与医学学院
额尔德木图,内蒙古农业大学,理学院
格日勒图,内蒙古农业大学,动物科学与医学学院
苏秀英,内蒙古农业大学,动物科学与医学学院
王秀梅,内蒙古农业大学,动物科学与医学学院
齐旺梅,内蒙古农业大学,动物科学与医学学院
何飞鸿,内蒙古农业大学,动物科学与医学学院
都格尔斯仁,内蒙古农业大学,动物科学与医学学院
曹贵方,内蒙古农业大学,动物科学与医学学院
李培锋,内蒙古农业大学,动物科学与医学学院
王凤龙,内蒙古农业大学,动物科学与医学学院
赵怀平,内蒙古农业大学,动物科学与医学学院
刘淑英,内蒙古农业大学,动物科学与医学学院
顾玉芳,内蒙古农业大学,动物科学与医学学院
王纯洁,内蒙古农业大学,动物科学与医学学院
马学恩,内蒙古农业大学,动物科学与医学学院
哈斯苏荣,内蒙古农业大学,动物科学与医学学院
赵振华,内蒙古农业大学,动物科学与医学学院
杨银凤,内蒙古农业大学,动物科学与医学学院
苏布登,内蒙古农业大学,动物科学与医学学院
杜雅楠,内蒙古农业大学,动物科学与医学学院
佟程浩,内蒙古农业大学,动物科学与医学学院
于立新,内蒙古农业大学,动物科学与医学学院
崔治国,内蒙古农业大学,动物科学与医学学院
郝永清,内蒙古农业大学,动物科学与医学学院
许连平,内蒙古农业大学,动物科学与医学学院
乌日山,内蒙古农业大学,动物科学与医学学院
杨英,内蒙古农业大学,动物科学与医学学院
乌尼,内蒙古农业大学,动物科学与医学学院
郝卓群,内蒙古农业大学,动物科学与医学学院
金山,内蒙古农业大学,动物科学与医学学院
关平原,内蒙古农业大学,动物科学与医学学院
刘珍莲,内蒙古农业大学,动物科学与医学学院
吴树清,内蒙古农业大学,动物科学与医学学院
申之义,内蒙古农业大学,动物科学与医学学院
张七斤,内蒙古农业大学,动物科学与医学学院
王玉海,内蒙古农业大学,动物科学与医学学院
李平安,内蒙古农业大学,动物科学与医学学院
白音吉日嘎拉,内蒙古农业大学,动物科学与医学学院
张剑柄,内蒙古农业大学,动物科学与医学学院
李志云,内蒙古农业大学,动物科学与医学学院
周雨霞,内蒙古农业大学,动物科学与医学学院
杨莲茹,内蒙古农业大学,动物科学与医学学院
张爱荣,内蒙古农业大学,动物科学与医学学院
杨晓野,内蒙古农业大学,动物科学与医学学院
李云章,内蒙古农业大学,动物科学与医学学院
刘大程,内蒙古农业大学,动物科学与医学学院
杨保收,内蒙古农业大学,动物科学与医学学院
呼和巴特尔,内蒙古农业大学,动物科学与医学学院
刘俊平,内蒙古农业大学,动物科学与医学学院
祁生旺,内蒙古农业大学,动物科学与医学学院
贾维杰,内蒙古农业大学,外国语言学院
温玉华,内蒙古农业大学,外国语言学院
刘海红,内蒙古农业大学,外国语言学院
周伟光,内蒙古农业大学,动物科学与医学学院
张微,内蒙古农业大学,经济管理学院
盖志毅,内蒙古农业大学,经济管理学院
姜冬梅,内蒙古农业大学,经济管理学院
刘秀梅,内蒙古农业大学,经济管理学院
张丽红,内蒙古农业大学,动物科学与医学学院
张心灵,内蒙古农业大学,经济管理学院
杜富林,内蒙古农业大学,经济管理学院
辛国昌,内蒙古农业大学,经济管理学院
郑喜喜,内蒙古农业大学,经济管理学院
包庆丰,内蒙古农业大学,经济管理学院
姚凤桐,内蒙古农业大学,经济管理学院
张婷,内蒙古农业大学,外国语言学院
修长柏,内蒙古农业大学,经济管理学院
赵益平,内蒙古农业大学,经济管理学院
赵占宽,内蒙古农业大学,动物科学与医学学院
高向琴,内蒙古农业大学,外国语言学院
贾婧扬,内蒙古农业大学,外国语言学院
董佳宇,内蒙古农业大学,经济管理学院
迟光明,内蒙古农业大学,外国语言学院
孙志宏,内蒙古农业大学,经济管理学院
贾建新,内蒙古农业大学,经济管理学院
张立中,内蒙古农业大学,经济管理学院
乔光华,内蒙古农业大学,经济管理学院
赵元凤,内蒙古农业大学,经济管理学院
王爱枝,内蒙古农业大学,外国语言学院
刘挨刚,内蒙古农业大学,水利与土木建筑工程学院
胡守忠,内蒙古农业大学,水利与土木建筑工程学院
刘翠兰,内蒙古农业大学,外国语言学院
卢俊清,内蒙古农业大学,外国语言学院
斯琴巴图,内蒙古农业大学,外国语言学院
李为萍,内蒙古农业大学,水利与土木建筑工程学院
董霞,内蒙古农业大学,外国语言学院
屈忠义,内蒙古农业大学,水利与土木建筑工程学院
陈亚新,内蒙古农业大学,水利与土木建筑工程学院
吕志远,内蒙古农业大学,水利与土木建筑工程学院
刘全明,内蒙古农业大学,水利与土木建筑工程学院
史海滨,内蒙古农业大学,水利与土木建筑工程学院
王耀强,内蒙古农业大学,水利与土木建筑工程学院
魏占民,内蒙古农业大学,水利与土木建筑工程学院
张晓华,内蒙古农业大学,外国语言学院
黄大春,内蒙古农业大学,水利与土木建筑工程学院
李洪玉,内蒙古农业大学,水利与土木建筑工程学院
葛岱峰,内蒙古农业大学,水利与土木建筑工程学院
孙屹,内蒙古农业大学,外国语言学院
黄永江,内蒙古农业大学,水利与土木建筑工程学院
常同元,内蒙古农业大学,水利与土木建筑工程学院
王慧明,内蒙古农业大学,水利与土木建筑工程学院
娜日,内蒙古农业大学,外国语言学院
乌云,内蒙古农业大学,生物工程学院
田存旺,内蒙古农业大学,水利与土木建筑工程学院
杨树青,内蒙古农业大学,水利与土木建筑工程学院
杨久和,内蒙古农业大学,水利与土木建筑工程学院
吴敬,内蒙古农业大学,食品科学与工程学院
包斌,内蒙古农业大学,食品科学与工程学院
杨志华,内蒙古农业大学,食品科学与工程学院
杨军,内蒙古农业大学,食品科学与工程学院
张志武,内蒙古农业大学,食品科学与工程学院
张美丽,内蒙古农业大学,食品科学与工程学院
殷文政,内蒙古农业大学,食品科学与工程学院
苏日娜,内蒙古农业大学,人文社会科学学院
靳烨,内蒙古农业大学,食品科学与工程学院
赵丽芹,内蒙古农业大学,食品科学与工程学院
张和平,内蒙古农业大学,食品科学与工程学院
贺银凤,内蒙古农业大学,食品科学与工程学院
德力格尔桑,内蒙古农业大学,食品科学与工程学院
乌兰,内蒙古农业大学,动物科学与医学学院
秦利利,内蒙古农业大学,食品科学与工程学院
李崇,内蒙古农业大学,人文社会科学学院
刑黎明,内蒙古农业大学,食品科学与工程学院
李少刚,内蒙古农业大学,食品科学与工程学院
葛芳,内蒙古农业大学,食品科学与工程学院
杨晓清,内蒙古农业大学,食品科学与工程学院
孟和毕力格,内蒙古农业大学,食品科学与工程学院
任文明,内蒙古农业大学,食品科学与工程学院
范贵生,内蒙古农业大学,食品科学与工程学院
孙天松,内蒙古农业大学,食品科学与工程学院
杨建军,内蒙古农业大学,食品科学与工程学院
吉日木图,内蒙古农业大学,食品科学与工程学院
倪春梅,内蒙古农业大学,食品科学与工程学院
牟献友,内蒙古农业大学,水利与土木建筑工程学院
郭月英,内蒙古农业大学,食品科学与工程学院
王英利,内蒙古农业大学,食品科学与工程学院
双杰,内蒙古农业大学,食品科学与工程学院
李丽杰,内蒙古农业大学,食品科学与工程学院
陈永福,内蒙古农业大学,食品科学与工程学院
乌云达来,内蒙古农业大学,食品科学与工程学院
杨尚明,内蒙古农业大学,生态环境学院
李广平,内蒙古农业大学,食品科学与工程学院
段艳,内蒙古农业大学,食品科学与工程学院
苗德淼,内蒙古农业大学,食品科学与工程学院
田建军,内蒙古农业大学,食品科学与工程学院
董贵成,内蒙古农业大学,食品科学与工程学院
郭志成,内蒙古农业大学,生态环境学院
付和平,内蒙古农业大学,生态环境学院
张保军,内蒙古农业大学,食品科学与工程学院
王金龙,内蒙古农业大学,食品科学与工程学院
张曦,内蒙古农业大学,食品科学与工程学院
韩国栋,内蒙古农业大学,国际教育学院
武晓东,内蒙古农业大学,生态环境学院
云岚,内蒙古农业大学,生态环境学院
包海泉,内蒙古农业大学,食品科学与工程学院
王新亮,内蒙古农业大学,食品科学与工程学院
杨续金,内蒙古农业大学,食品科学与工程学院
敖特根,内蒙古农业大学,理学院
刘贵喜,内蒙古农业大学,食品科学与工程学院
王明玖,内蒙古农业大学,生态环境学院
代丽军,内蒙古农业大学,食品科学与工程学院
王越男,内蒙古农业大学,食品科学与工程学院
卫智军,内蒙古农业大学,生态环境学院
苏吉安,内蒙古农业大学,生态环境学院
汇涓,内蒙古农业大学,计算机与信息工程学院
刘霞亢,内蒙古农业大学,计算机与信息工程学院
薛河儒,内蒙古农业大学,计算机与信息工程学院
高凌岩,内蒙古农业大学,生态环境学院
李宏慧,内蒙古农业大学,计算机与信息工程学院
刘德福,内蒙古农业大学,生态环境学院
魏建民,内蒙古农业大学,生物工程学院
张珂殊,内蒙古农业大学,计算机与信息工程学院
李治国,内蒙古农业大学,生态环境学院
裴喜春,内蒙古农业大学,计算机与信息工程学院
王和平,内蒙古农业大学,生物工程学院
李燕华,内蒙古农业大学,计算机与信息工程学院
赵国芬,内蒙古农业大学,生物工程学院
曹渊清,内蒙古农业大学,计算机与信息工程学院
周根宝,内蒙古农业大学,计算机与信息工程学院
付学良,内蒙古农业大学,计算机与信息工程学院
佟乌云,内蒙古农业大学,计算机与信息工程学院
王瑞刚,内蒙古农业大学,生物工程学院
张焱如,内蒙古农业大学,生物工程学院
李国婧,内蒙古农业大学,生物工程学院
孙庆林,内蒙古农业大学,生物工程学院
王健,内蒙古农业大学,计算机与信息工程学院
张昊,内蒙古农业大学,生态环境学院
乌日图那斯图,内蒙古农业大学,生态环境学院
占布拉,内蒙古农业大学,生态环境学院
高静,内蒙古农业大学,计算机与信息工程学院
王茅雁,内蒙古农业大学,生物工程学院
王光霞,内蒙古农业大学,生物工程学院
张占雄,内蒙古农业大学,生物工程学院
宝力道,内蒙古农业大学,生物工程学院
丛靖宇,内蒙古农业大学,生物工程学院
陈玉萍,内蒙古农业大学,生物工程学院
姚庆智,内蒙古农业大学,生物工程学院
玛丽娜,内蒙古农业大学,生物工程学院
冯福应,内蒙古农业大学,生物工程学院
刘惠荣,内蒙古农业大学,生物工程学院
曹俊伟,内蒙古农业大学,生物工程学院
肖红梅,内蒙古农业大学,生物工程学院
杨丽华,内蒙古农业大学,生物工程学院
陈有君,内蒙古农业大学,生物工程学院
鄂迎春,内蒙古农业大学,生物工程学院
白树叶,内蒙古农业大学,理学院
段开红,内蒙古农业大学,生物工程学院
张东,内蒙古农业大学,生物工程学院
吴凯峰,内蒙古农业大学,生物工程学院
孟凡华,内蒙古农业大学,生物工程学院
刘杨,内蒙古农业大学,生物工程学院
李雪琼,内蒙古农业大学,生物工程学院
王桂花,内蒙古农业大学,生物工程学院
刘春霞,内蒙古农业大学,生物工程学院
郭慧琴,内蒙古农业大学,生物工程学院
孟建宇,内蒙古农业大学,生物工程学院
田维平,内蒙古农业大学,生物工程学院
邢燕平,内蒙古农业大学,生物工程学院
郭葆春,内蒙古农业大学,机电工程学院
李瑞英,内蒙古农业大学,水利与土木建筑工程学院
常青,内蒙古农业大学,体育教学部
李红,内蒙古农业大学,生态环境学院
苏福才,内蒙古农业大学,农学院
卢德勋,内蒙古农业大学,动物科学与医学学院
刘为民,内蒙古农业大学,动物科学与医学学院
郑云胜,内蒙古农业大学,职业技术学院
巴音吉日嘎拉,内蒙古农业大学,动物科学与医学学院
郭永,内蒙古农业大学,机电工程学院
丁小宽,内蒙古农业大学,体育教学部
李英,内蒙古农业大学,动物科学与医学学院
金凤,内蒙古农业大学,动物科学与医学学院
张玉,内蒙古农业大学,动物科学与医学学院
孙伯筠,内蒙古农业大学,农学院
恩和,内蒙古农业大学,机电工程学院
陈勇,内蒙古农业大学,动物科学与医学学院
芒来,内蒙古农业大学,动物科学与医学学院
荣威恒,内蒙古农业大学,动物科学与医学学院
田海清,内蒙古农业大学,机电工程学院
曲辉,内蒙古农业大学,机电工程学院
乔灵,内蒙古农业大学,动物科学与医学学院
李林,内蒙古农业大学,机电工程学院
张永,内蒙古农业大学,机电工程学院
莫内,内蒙古农业大学,动物科学与医学学院
张秀卿,内蒙古农业大学,林学院
张巍,内蒙古农业大学,机电工程学院
韩敏,内蒙古农业大学,动物科学与医学学院
孙建英,内蒙古农业大学,机电工程学院
高雄,内蒙古农业大学,机电工程学院
乌云塔娜,内蒙古农业大学,机电工程学院
申庆泰,内蒙古农业大学,机电工程学院
丁海泉,内蒙古农业大学,机电工程学院
武佩,内蒙古农业大学,机电工程学院
穆继卫,内蒙古农业大学,机电工程学院
孙红,内蒙古农业大学,机电工程学院
张丽春,内蒙古农业大学,机电工程学院
葛丽娟,内蒙古农业大学,机电工程学院
马彦华,内蒙古农业大学,机电工程学院
图雅,内蒙古农业大学,机电工程学院
李旭英,内蒙古农业大学,机电工程学院
张云,内蒙古农业大学,机电工程学院
徐晓旭,内蒙古农业大学,机电工程学院
金敏,内蒙古农业大学,机电工程学院
刘涛,内蒙古农业大学,机电工程学院
苏和,内蒙古农业大学,机电工程学院
郁志宏,内蒙古农业大学,机电工程学院
张雷,内蒙古农业大学,机电工程学院
杜立群,内蒙古农业大学,机电工程学院
王芳,内蒙古农业大学,机电工程学院
赵雪松,内蒙古农业大学,机电工程学院
赵卫东,内蒙古农业大学,机电工程学院
李洁,内蒙古农业大学,机电工程学院
杜健民,内蒙古农业大学,机电工程学院
尚士友,内蒙古农业大学,机电工程学院
张志毅,内蒙古农业大学,机电工程学院
闫文刚,内蒙古农业大学,机电工程学院
厚福祥,内蒙古农业大学,机电工程学院
田德,内蒙古农业大学,机电工程学院
侯占峰,内蒙古农业大学,机电工程学院
岳海军,内蒙古农业大学,机电工程学院
陈松利,内蒙古农业大学,机电工程学院
张忱,内蒙古农业大学,机电工程学院
孙宏,内蒙古农业大学,机电工程学院
韩靖玉,内蒙古农业大学,机电工程学院
刘树民,内蒙古农业大学,机电工程学院
韩巧丽,内蒙古农业大学,机电工程学院
马久,内蒙古农业大学,机电工程学院
刘晓民,内蒙古农业大学,水利与土木建筑工程学院
刘宇,内蒙古农业大学,机电工程学院
桑以琳,内蒙古农业大学,水利与土木建筑工程学院
祖建华,内蒙古农业大学,机电工程学院
俞明,内蒙古农业大学,机电工程学院
倪志华,内蒙古农业大学,机电工程学院
韩宝生,内蒙古农业大学,机电工程学院
裴登嵩,内蒙古农业大学,机电工程学院
慕厚春,内蒙古农业大学,机电工程学院
王威,内蒙古农业大学,机电工程学院
王友谊,内蒙古农业大学,机电工程学院
隋向军,内蒙古农业大学,机电工程学院
乔凤菊,内蒙古农业大学,机电工程学院
辛海生,内蒙古农业大学,机电工程学院
冬梅,内蒙古农业大学,机电工程学院
朝伦巴根,内蒙古农业大学,水利与土木建筑工程学院
宝成,内蒙古农业大学,水利与土木建筑工程学院
王永康,内蒙古农业大学,水利与土木建筑工程学院
邰生霞,内蒙古农业大学,水利与土木建筑工程学院
贾永芹,内蒙古农业大学,水利与土木建筑工程学院
卢俊平,内蒙古农业大学,水利与土木建筑工程学院
贾德彬,内蒙古农业大学,水利与土木建筑工程学院
刘廷玺,内蒙古农业大学,水利与土木建筑工程学院
张生,内蒙古农业大学,水利与土木建筑工程学院
李树荣,内蒙古农业大学,水利与土木建筑工程学院
李畅游,内蒙古农业大学,水利与土木建筑工程学院
刘小燕,内蒙古农业大学,水利与土木建筑工程学院
袁保惠,内蒙古农业大学,水利与土木建筑工程学院
白燕英,内蒙古农业大学,水利与土木建筑工程学院
刘祥,内蒙古农业大学,水利与土木建筑工程学院
朱仲元,内蒙古农业大学,水利与土木建筑工程学院
冯素珍,内蒙古农业大学,水利与土木建筑工程学院
郭非凡,内蒙古农业大学,水利与土木建筑工程学院
侯兰英,内蒙古农业大学,水利与土木建筑工程学院
裴国霞,内蒙古农业大学,水利与土木建筑工程学院
王利明,内蒙古农业大学,水利与土木建筑工程学院
文恒,内蒙古农业大学,水利与土木建筑工程学院
潘和平,内蒙古农业大学,水利与土木建筑工程学院
张志澍,内蒙古农业大学,水利与土木建筑工程学院
刘吉善,内蒙古农业大学,水利与土木建筑工程学院
杜丹,内蒙古农业大学,水利与土木建筑工程学院
张志,内蒙古农业大学,水利与土木建筑工程学院
梅小乐,内蒙古农业大学,水利与土木建筑工程学院
马太玲,内蒙古农业大学,水利与土木建筑工程学院
韩克平,内蒙古农业大学,食品科学与工程学院
田洁,内蒙古农业大学,经济管理学院
金淑青,内蒙古农业大学,水利与土木建筑工程学院
王晓飞,内蒙古农业大学,水利与土木建筑工程学院
赵占彪,内蒙古农业大学,水利与土木建筑工程学院
根锁,内蒙古农业大学,经济管理学院
李晓丽,内蒙古农业大学,水利与土木建筑工程学院
白英,内蒙古农业大学,食品科学与工程学院
申向东,内蒙古农业大学,水利与土木建筑工程学院
周海龙,内蒙古农业大学,水利与土木建筑工程学院
李平,内蒙古农业大学,水利与土木建筑工程学院
陈晓芳,内蒙古农业大学,水利与土木建筑工程学院
姚占全,内蒙古农业大学,水利与土木建筑工程学院
李红云,内蒙古农业大学,水利与土木建筑工程学院
何梁,内蒙古农业大学,水利与土木建筑工程学院
李东方,内蒙古农业大学,水利与土木建筑工程学院
段耀,内蒙古农业大学,经济管理学院
姬宝霖,内蒙古农业大学,水利与土木建筑工程学院
刘国华,内蒙古农业大学,水利与土木建筑工程学院
张立,内蒙古农业大学,经济管理学院
张琮,内蒙古农业大学,水利与土木建筑工程学院
张琴,内蒙古农业大学,水利与土木建筑工程学院
裴成霞,内蒙古农业大学,水利与土木建筑工程学院
邹春霞,内蒙古农业大学,食品科学与工程学院
刘庸,内蒙古农业大学,经济管理学院
刘英,内蒙古农业大学,经济管理学院
胡文利,内蒙古农业大学,水利与土木建筑工程学院
李昊,内蒙古农业大学,水利与土木建筑工程学院
陈俊杰,内蒙古农业大学,计算机与信息工程学院
郜小晶,内蒙古农业大学,计算机与信息工程学院
冯小龙,内蒙古农业大学,计算机与信息工程学院
卜永波,内蒙古农业大学,计算机与信息工程学院
董改芳,内蒙古农业大学,计算机与信息工程学院
刘岩,内蒙古农业大学,计算机与信息工程学院
罗小玲,内蒙古农业大学,计算机与信息工程学院
马莉莉,内蒙古农业大学,计算机与信息工程学院
李玉峰,内蒙古农业大学,计算机与信息工程学院
秦海龙,内蒙古农业大学,计算机与信息工程学院
郭迎春,内蒙古农业大学,计算机与信息工程学院
白云莉,内蒙古农业大学,计算机与信息工程学院
姜新华,内蒙古农业大学,计算机与信息工程学院
李莹,内蒙古农业大学,计算机与信息工程学院
白戈力,内蒙古农业大学,计算机与信息工程学院
米小琴,内蒙古农业大学,计算机与信息工程学院
李秀梓,内蒙古农业大学,计算机与信息工程学院
刘玉苓,内蒙古农业大学,计算机与信息工程学院
纪冲,内蒙古农业大学,计算机与信息工程学院
亢汇涓,内蒙古农业大学,计算机与信息工程学院
卢思安,内蒙古农业大学,计算机与信息工程学院
李艳,内蒙古农业大学,计算机与信息工程学院
侯振杰,内蒙古农业大学,计算机与信息工程学院
石瑞峰,内蒙古农业大学,计算机与信息工程学院
李建荣,内蒙古农业大学,计算机与信息工程学院
郭玉波,内蒙古农业大学,计算机与信息工程学院
倪小刚,内蒙古农业大学,计算机与信息工程学院
刘霞,内蒙古农业大学,计算机与信息工程学院
霍峰,内蒙古农业大学,生物工程学院
杨婷,内蒙古农业大学,计算机与信息工程学院
李蘅,内蒙古农业大学,生物工程学院
李淑芬,内蒙古农业大学,生物工程学院
白薇,内蒙古农业大学,生物工程学院
乌日更,内蒙古农业大学,计算机与信息工程学院
左东石,内蒙古农业大学,计算机与信息工程学院
朱峰,内蒙古农业大学,计算机与信息工程学院
张立倩,内蒙古农业大学,计算机与信息工程学院
杨东东,内蒙古农业大学,计算机与信息工程学院
王永江,内蒙古农业大学,计算机与信息工程学院
赵春霖,内蒙古农业大学,计算机与信息工程学院
陶羽,内蒙古农业大学,生物工程学院
王鑫,内蒙古农业大学,计算机与信息工程学院
李立民,内蒙古农业大学,生物工程学院
杨伟光,内蒙古农业大学,计算机与信息工程学院
朱立新,内蒙古农业大学,计算机与信息工程学院
张凯学,内蒙古农业大学,计算机与信息工程学院
张永安,内蒙古农业大学,计算机与信息工程学院
丛淑玲,内蒙古农业大学,食品科学与工程学院
张杰,内蒙古农业大学,计算机与信息工程学院
李晶,内蒙古农业大学,外国语言学院
王德刚,内蒙古农业大学,计算机与信息工程学院
额尔敦夫,内蒙古农业大学,生物工程学院
韩冰,内蒙古农业大学,生态环境学院
张子义,内蒙古农业大学,生物工程学院
王立中,内蒙古农业大学,计算机与信息工程学院
尹俊,内蒙古农业大学,生物工程学院
王静泉,内蒙古农业大学,理学院
任婕,内蒙古农业大学,外国语言学院
阿木古愣,内蒙古农业大学,理学院
戴云仙,内蒙古农业大学,理学院
杨可,内蒙古农业大学,理学院
布和额尔敦,内蒙古农业大学,理学院
姚虹,内蒙古农业大学,理学院
姚贵平,内蒙古农业大学,理学院
吴小薇,内蒙古农业大学,理学院
李建军,内蒙古农业大学,外国语言学院
何英,内蒙古农业大学,外国语言学院
张彩琴,内蒙古农业大学,理学院
娜日苏,内蒙古农业大学,生态环境学院
苏金梅,内蒙古农业大学,理学院
李蜀眉,内蒙古农业大学,理学院
王勋,内蒙古农业大学,理学院
赵凤英,内蒙古农业大学,理学院
魏宏,内蒙古农业大学,理学院
伊敏,内蒙古农业大学,理学院
李凤敏,内蒙古农业大学,理学院
张忠忠,内蒙古农业大学,理学院
常英杰,内蒙古农业大学,理学院
闫祖威,内蒙古农业大学,动物科学与医学学院
谢翔东,内蒙古农业大学,理学院
王震寰,内蒙古农业大学,理学院
孙景琦,内蒙古农业大学,理学院
杨丽英,内蒙古农业大学,理学院
吕雄,内蒙古农业大学,理学院
张秀芳,内蒙古农业大学,理学院
白嘎利,内蒙古农业大学,理学院
宋彪,内蒙古农业大学,理学院
米粒,内蒙古农业大学,理学院
敖特根巴雅尔,内蒙古农业大学,理学院
贺文英,内蒙古农业大学,理学院
赵保利,内蒙古农业大学,理学院
许辉,内蒙古农业大学,理学院
塔娜,内蒙古农业大学,动物科学与医学学院
萨木嘎,内蒙古农业大学,理学院
刘惠民,内蒙古农业大学,理学院
邵金旺,内蒙古农业大学,农学院
高娃,内蒙古农业大学,理学院
常颜景,内蒙古农业大学,理学院
闫伟,内蒙古农业大学,林学院
郭连生,内蒙古农业大学,林学院
杨秋林,内蒙古农业大学,理学院
朱旭,内蒙古农业大学,理学院
易津,内蒙古农业大学,农学院
张秋良,内蒙古农业大学,林学院
安慧君,内蒙古农业大学,林学院
那顺孟和,内蒙古农业大学,理学院
张建中,内蒙古农业大学,理学院
铁牛,内蒙古农业大学,林学院
袁秀英,内蒙古农业大学,林学院
薛珍,内蒙古农业大学,理学院
刘克礼,内蒙古农业大学,农学院
阿娟,内蒙古农业大学,理学院
张国盛,内蒙古农业大学,林学院
包跃先,内蒙古农业大学,动物科学与医学学院
李博生,内蒙古农业大学,农学院
曹金山,内蒙古农业大学,动物科学与医学学院
德永军,内蒙古农业大学,林学院
刘景辉,内蒙古农业大学,农学院
李正英,内蒙古农业大学,食品科学与工程学院
邢黎明,内蒙古农业大学,食品科学与工程学院
侯建华,内蒙古农业大学,农学院
格日勒,内蒙古农业大学,林学院
白淑兰,内蒙古农业大学,林学院
莎丽娜,内蒙古农业大学,食品科学与工程学院
慈忠玲,内蒙古农业大学,林学院
宛涛,内蒙古农业大学,农学院
安晓萍,内蒙古农业大学,动物科学与医学学院
包花尔,内蒙古农业大学,动物科学与医学学院
蒙美莲,内蒙古农业大学,农学院
敖日格勒,内蒙古农业大学,动物科学与医学学院
乌拉,内蒙古农业大学,动物科学与医学学院
石岭,内蒙古农业大学,农学院
李少英,内蒙古农业大学,食品科学与工程学院
陆海平,内蒙古农业大学,动物科学与医学学院
张美莉,内蒙古农业大学,食品科学与工程学院
李颖,内蒙古农业大学,生物工程学院
田自华,内蒙古农业大学,农学院
崔世茂,内蒙古农业大学,农学院
田瑞华,内蒙古农业大学,生物工程学院
额尔敦,内蒙古农业大学,动物科学与医学学院
关红,内蒙古农业大学,动物科学与医学学院
吉尔戈拉,内蒙古农业大学,动物科学与医学学院
高峰,内蒙古农业大学,动物科学与医学学院
斯日古愣,内蒙古农业大学,动物科学与医学学院
石彩霞,内蒙古农业大学,动物科学与医学学院
韩润林,内蒙古农业大学,动物科学与医学学院
呼格吉乐图,内蒙古农业大学,动物科学与医学学院
火焱,内蒙古农业大学,动物科学与医学学院
斯日古楞,内蒙古农业大学,动物科学与医学学院
王宇,内蒙古农业大学,动物科学与医学学院
乌尼尔夫,内蒙古农业大学,动物科学与医学学院
王志,内蒙古农业大学,动物科学与医学学院
额尔敦木图,内蒙古农业大学,动物科学与医学学院
么宏强,内蒙古农业大学,动物科学与医学学院
满达,内蒙古农业大学,动物科学与医学学院
达布西,内蒙古农业大学,动物科学与医学学院
小娜仁花,内蒙古农业大学,动物科学与医学学院
徐斯日古愣,内蒙古农业大学,动物科学与医学学院
何秀玲,内蒙古农业大学,动物科学与医学学院
希尼尼根,内蒙古农业大学,动物科学与医学学院
王文龙,内蒙古农业大学,动物科学与医学学院
李大彪,内蒙古农业大学,动物科学与医学学院
大娜仁花,内蒙古农业大学,动物科学与医学学院
王金玲,内蒙古农业大学,动物科学与医学学院
刘长乐,内蒙古农业大学,动物科学与医学学院
王彩云,内蒙古农业大学,动物科学与医学学院
黎明,内蒙古农业大学,动物科学与医学学院
苏布登格日勒,内蒙古农业大学,动物科学与医学学院
宣传忠,内蒙古农业大学,机电工程学院
赵红霞,内蒙古农业大学,动物科学与医学学院
崔红梅,内蒙古农业大学,机电工程学院
余凤玲,内蒙古农业大学,动物科学与医学学院
卜乐平,内蒙古农业大学,机电工程学院
张春慧,内蒙古农业大学,机电工程学院
德雪红,内蒙古农业大学,机电工程学院
许驭,内蒙古农业大学,机电工程学院
窦卫国,内蒙古农业大学,机电工程学院
张燕军,内蒙古农业大学,动物科学与医学学院
林玉宝,内蒙古农业大学,国际教育学院
杨晓红,内蒙古农业大学,动物科学与医学学院
孙云霞,内蒙古农业大学,国际教育学院
机电聘二,内蒙古农业大学,机电工程学院
田海青,内蒙古农业大学,机电工程学院
辛海升,内蒙古农业大学,机电工程学院
照日格图,内蒙古农业大学,动物科学与医学学院
李宏惠,内蒙古农业大学,计算机与信息工程学院
康学伟,内蒙古农业大学,机电工程学院
张建超,内蒙古农业大学,机电工程学院
张家新,内蒙古农业大学,动物科学与医学学院
李美安,内蒙古农业大学,计算机与信息工程学院
倪小钢,内蒙古农业大学,计算机与信息工程学院
亢汇娟,内蒙古农业大学,计算机与信息工程学院
王洪波,内蒙古农业大学,机电工程学院
李淑英,内蒙古农业大学,机电工程学院
佘大庆,内蒙古农业大学,机电工程学院
玉荣,内蒙古农业大学,动物科学与医学学院
包音,内蒙古农业大学,经济管理学院
朵兰,内蒙古农业大学,经济管理学院
季田,内蒙古农业大学,计算机与信息工程学院
段跃,内蒙古农业大学,经济管理学院
刘江平,内蒙古农业大学,计算机与信息工程学院
达兰,内蒙古农业大学,经济管理学院
包利民,内蒙古农业大学,经济管理学院
郜晓晶,内蒙古农业大学,计算机与信息工程学院
曹建民,内蒙古农业大学,经济管理学院
静永健,内蒙古农业大学,计算机与信息工程学院
米晓琴,内蒙古农业大学,计算机与信息工程学院
郭慧,内蒙古农业大学,经济管理学院
陈晓红,内蒙古农业大学,经济管理学院
红叶,内蒙古农业大学,经济管理学院
潘新,内蒙古农业大学,计算机与信息工程学院
郭晓燕,内蒙古农业大学,经济管理学院
朱丽新,内蒙古农业大学,计算机与信息工程学院
冯静蕾,内蒙古农业大学,经济管理学院
高兵,内蒙古农业大学,经济管理学院
王艳芬,内蒙古农业大学,计算机与信息工程学院
包慧敏,内蒙古农业大学,经济管理学院
冯晓龙,内蒙古农业大学,计算机与信息工程学院
黄华,内蒙古农业大学,经济管理学院
胡日查,内蒙古农业大学,经济管理学院
般丽丽,内蒙古农业大学,经济管理学院
佛力,内蒙古农业大学,经济管理学院
霍翠岭,内蒙古农业大学,经济管理学院
侯国庆,内蒙古农业大学,经济管理学院
王虹,内蒙古农业大学,经济管理学院
刘亚钊,内蒙古农业大学,经济管理学院
王林静,内蒙古农业大学,经济管理学院
孟昭武,内蒙古农业大学,经济管理学院
贾凤菊,内蒙古农业大学,经济管理学院
刘建功,内蒙古农业大学,经济管理学院
陶华,内蒙古农业大学,经济管理学院
戚飞,内蒙古农业大学,经济管理学院
刘萍,内蒙古农业大学,经济管理学院
贾润林,内蒙古农业大学,经济管理学院
田艳丽,内蒙古农业大学,经济管理学院
孙殿辉,内蒙古农业大学,经济管理学院
牛婷,内蒙古农业大学,经济管理学院
任利军,内蒙古农业大学,经济管理学院
刘玉春,内蒙古农业大学,经济管理学院
马志艳,内蒙古农业大学,经济管理学院
马梅,内蒙古农业大学,经济管理学院
梁润秀,内蒙古农业大学,经济管理学院
蒋晓波,内蒙古农业大学,经济管理学院
玛娜,内蒙古农业大学,经济管理学院
李秀梅,内蒙古农业大学,经济管理学院
王锐,内蒙古农业大学,经济管理学院
石芳,内蒙古农业大学,经济管理学院
孟繁杰,内蒙古农业大学,经济管理学院
申向明,内蒙古农业大学,经济管理学院
斯琴,内蒙古农业大学,经济管理学院
苏哲龙,内蒙古农业大学,经济管理学院
刘桂艳,内蒙古农业大学,经济管理学院
斯琴朝日格图,内蒙古农业大学,经济管理学院
肖智华,内蒙古农业大学,经济管理学院
扎玛,内蒙古农业大学,经济管理学院
安旭涛,内蒙古农业大学,经济管理学院
BillBrown,内蒙古农业大学,经济管理学院
张梅令,内蒙古农业大学,经济管理学院
夏雨柱,内蒙古农业大学,经济管理学院
闫文,内蒙古农业大学,经济管理学院
王云霞,内蒙古农业大学,经济管理学院
杨志勇,内蒙古农业大学,经济管理学院
杨艳玲,内蒙古农业大学,经济管理学院
达兰浩雅尔,内蒙古农业大学,经济管理学院
云冬,内蒙古农业大学,经济管理学院
王文雪,内蒙古农业大学,经济管理学院
张建成,内蒙古农业大学,经济管理学院
王小兵,内蒙古农业大学,经济管理学院
张晓娟,内蒙古农业大学,经济管理学院
赵国年,内蒙古农业大学,经济管理学院
高潮,内蒙古农业大学,经济管理学院
于立宏,内蒙古农业大学,经济管理学院
魏丽颖,内蒙古农业大学,经济管理学院
王智广,内蒙古农业大学,经济管理学院
赵丽霞,内蒙古农业大学,经济管理学院
候国庆,内蒙古农业大学,经济管理学院
原英,内蒙古农业大学,经济管理学院
陈仙林,内蒙古农业大学,经济管理学院
于洪霞,内蒙古农业大学,经济管理学院
宝音都仁,内蒙古农业大学,经济管理学院
马书申,内蒙古农业大学,理学院
岳珍,内蒙古农业大学,理学院
吴小微,内蒙古农业大学,理学院
任爱珍,内蒙古农业大学,理学院
李根小,内蒙古农业大学,理学院
李蜀梅,内蒙古农业大学,理学院
阎祖威,内蒙古农业大学,理学院
李玉梓,内蒙古农业大学,理学院
么强,内蒙古农业大学,理学院
王明利,内蒙古农业大学,经济管理学院
米智勇,内蒙古农业大学,理学院
米拉,内蒙古农业大学,理学院
吕世杰,内蒙古农业大学,理学院
杨彩琴,内蒙古农业大学,理学院
利民,内蒙古农业大学,理学院
吴国荣,内蒙古农业大学,理学院
张梅树,内蒙古农业大学,理学院
阿木古楞,内蒙古农业大学,理学院
乌云花,内蒙古农业大学,理学院
何婕平,内蒙古农业大学,理学院
赵新平,内蒙古农业大学,理学院
包布和,内蒙古农业大学,理学院
刘海军,内蒙古农业大学,理学院
白明柱,内蒙古农业大学,理学院
孙鹏哲,内蒙古农业大学,理学院
王振寰,内蒙古农业大学,理学院
闫著晓,内蒙古农业大学,理学院
刘娜仁,内蒙古农业大学,理学院
关绥安,内蒙古农业大学,理学院
付忠实,内蒙古农业大学,理学院
刘菊红,内蒙古农业大学,理学院
施和平,内蒙古农业大学,理学院
李树华,内蒙古农业大学,理学院
左娅,内蒙古农业大学,理学院
常彦景,内蒙古农业大学,理学院
曹学勤,内蒙古农业大学,理学院
倪芳,内蒙古农业大学,理学院
付媛,内蒙古农业大学,理学院
苏布德,内蒙古农业大学,理学院
布和,内蒙古农业大学,人文社会科学学院
朱艳霞,内蒙古农业大学,理学院
龙梅,内蒙古农业大学,理学院
那顺,内蒙古农业大学,理学院
贺艳飞,内蒙古农业大学,理学院
乌兰图亚,内蒙古农业大学,理学院
高莲,内蒙古农业大学,理学院
郭立威,内蒙古农业大学,理学院
王焕,内蒙古农业大学,理学院
刘媛媛,内蒙古农业大学,理学院
李战江,内蒙古农业大学,理学院
耿九刚,内蒙古农业大学,理学院
付久春,内蒙古农业大学,理学院
马文斌,内蒙古农业大学,理学院
马生昀,内蒙古农业大学,理学院
关冬月,内蒙古农业大学,理学院
张霞,内蒙古农业大学,理学院
张立军,内蒙古农业大学,理学院
杨威,内蒙古农业大学,理学院
娜赫娅,内蒙古农业大学,理学院
沙木嘎,内蒙古农业大学,理学院
韩永飞,内蒙古农业大学,理学院
幺强,内蒙古农业大学,理学院
李风敏,内蒙古农业大学,理学院
张晓涛,内蒙古农业大学,理学院
孔生贵,内蒙古农业大学,理学院
盛显良,内蒙古农业大学,理学院
丁立军,内蒙古农业大学,理学院
李金梅,内蒙古农业大学,理学院
孙墨溪,内蒙古农业大学,理学院
宋彪施和平,内蒙古农业大学,理学院
吴晓薇,内蒙古农业大学,理学院
石昱馨,内蒙古农业大学,理学院
王锡奎,内蒙古农业大学,理学院
李东麟,内蒙古农业大学,理学院
弥铁钢,内蒙古农业大学,理学院
祁智君,内蒙古农业大学,理学院
宋志彬,内蒙古农业大学,理学院
曹海燕,内蒙古农业大学,理学院
于琪敏,内蒙古农业大学,理学院
孙海泉,内蒙古农业大学,理学院
刘瑞春,内蒙古农业大学,理学院
刘彩霞,内蒙古农业大学,理学院
卢满意,内蒙古农业大学,理学院
王丽荣,内蒙古农业大学,理学院
王克冰,内蒙古农业大学,理学院
陈占仙,内蒙古农业大学,林学院
白海平,内蒙古农业大学,理学院
赵志强,内蒙古农业大学,理学院
解云,内蒙古农业大学,理学院
韦东山,内蒙古农业大学,林学院
李月鲜,内蒙古农业大学,理学院
叶冬梅,内蒙古农业大学,林学院
高学艺,内蒙古农业大学,理学院
弥铁刚,内蒙古农业大学,理学院
阿拉腾苏布德,内蒙古农业大学,理学院
方亮,内蒙古农业大学,林学院
张韬,内蒙古农业大学,林学院
田有亮,内蒙古农业大学,林学院
斯琴毕力格,内蒙古农业大学,林学院
付玖春,内蒙古农业大学,理学院
萨如拉,内蒙古农业大学,林学院
闫哓霖,内蒙古农业大学,理学院
何炎红,内蒙古农业大学,林学院
吴国栋,内蒙古农业大学,理学院
赵智宏,内蒙古农业大学,理学院
白玉娥,内蒙古农业大学,林学院
林涛,内蒙古农业大学,林学院
张明铁,内蒙古农业大学,林学院
王冰,内蒙古农业大学,林学院
李建强,内蒙古农业大学,林学院
韩胜利,内蒙古农业大学,林学院
敖特根巴,内蒙古农业大学,理学院
杨海峰,内蒙古农业大学,林学院
王玉霞,内蒙古农业大学,林学院
段广德,内蒙古农业大学,林学院
邬蕙梅,内蒙古农业大学,林学院
杨艳平,内蒙古农业大学,林学院
刘尧,内蒙古农业大学,林学院
刘殿国,内蒙古农业大学,林学院
高润宏,内蒙古农业大学,林学院
周梅,内蒙古农业大学,林学院
闫晓云,内蒙古农业大学,林学院
姜海燕,内蒙古农业大学,林学院
张薇,内蒙古农业大学,林学院
韩鹏,内蒙古农业大学,林学院
张胜利,内蒙古农业大学,林学院
崔学明,内蒙古农业大学,林学院
韩艳洁,内蒙古农业大学,林学院
邵东华,内蒙古农业大学,林学院
丛林,内蒙古农业大学,林学院
常金宝,内蒙古农业大学,林学院
张鸿翎,内蒙古农业大学,林学院
白恒勤,内蒙古农业大学,林学院
王美莲,内蒙古农业大学,林学院
马秀枝,内蒙古农业大学,林学院
余瑞卿,内蒙古农业大学,林学院
裴希,内蒙古农业大学,林学院
武欣慧,内蒙古农业大学,林学院
杨淑敏,内蒙古农业大学,林学院
王飞,内蒙古农业大学,林学院
金娟,内蒙古农业大学,林学院
李玮,内蒙古农业大学,林业工程学院
张明辉,内蒙古农业大学,林业工程学院
邬惠梅,内蒙古农业大学,林学院
何金花,内蒙古农业大学,林学院
王雷,内蒙古农业大学,林学院
王丽,内蒙古农业大学,林业工程学院
赵云虎,内蒙古农业大学,林学院
马静,内蒙古农业大学,林学院
韩轶,内蒙古农业大学,林学院
段科德,内蒙古农业大学,林学院
斯琴毕力,内蒙古农业大学,林学院
白海林,内蒙古农业大学,林学院
张桂兰,内蒙古农业大学,林业工程学院
梁鸿,内蒙古农业大学,林业工程学院
郄文晔,内蒙古农业大学,林业工程学院
李娅男,内蒙古农业大学,林业工程学院
杨艳萍,内蒙古农业大学,林学院
阎晓云,内蒙古农业大学,林学院
郭继业,内蒙古农业大学,林业工程学院
那平山,内蒙古农业大学,林学院
李奇,内蒙古农业大学,林业工程学院
张艳,内蒙古农业大学,林业工程学院
李钢铁,内蒙古农业大学,林学院
王志强,内蒙古农业大学,林学院
孟和,内蒙古农业大学,林学院
红岭,内蒙古农业大学,林业工程学院
秦富仓,内蒙古农业大学,林学院
贺春光,内蒙古农业大学,林业工程学院
吕悦孝,内蒙古农业大学,林业工程学院
杨利田,内蒙古农业大学,林业工程学院
傅峰,内蒙古农业大学,林业工程学院
王喜明,内蒙古农业大学,林业工程学院
金桩,内蒙古农业大学,林业工程学院
郑宏奎,内蒙古农业大学,林业工程学院
朱守林,内蒙古农业大学,林业工程学院
高志悦,内蒙古农业大学,林业工程学院
多化琼,内蒙古农业大学,林业工程学院
林学会,内蒙古农业大学,林业工程学院
于小芳,内蒙古农业大学,林业工程学院
解松芳,内蒙古农业大学,林业工程学院
安珍,内蒙古农业大学,林业工程学院
高晓霞,内蒙古农业大学,林业工程学院
庞大伟,内蒙古农业大学,林业工程学院
赵喜龙,内蒙古农业大学,林业工程学院
叶新卿,内蒙古农业大学,林业工程学院
宁国强,内蒙古农业大学,林业工程学院
于建芳,内蒙古农业大学,林业工程学院
薛振华,内蒙古农业大学,林业工程学院
戚春华,内蒙古农业大学,林业工程学院
王欣,内蒙古农业大学,林业工程学院
王效亮,内蒙古农业大学,林业工程学院
周忠祥,内蒙古农业大学,林业工程学院
于文吉,内蒙古农业大学,林业工程学院
冯利群,内蒙古农业大学,林业工程学院
黄金田,内蒙古农业大学,林业工程学院
包玉祥,内蒙古农业大学,林业工程学院
郝水菊,内蒙古农业大学,林业工程学院
刘淑杰,内蒙古农业大学,林业工程学院
丁洁,内蒙古农业大学,林业工程学院
李超,内蒙古农业大学,林业工程学院
焦德凤,内蒙古农业大学,林业工程学院
白建光,内蒙古农业大学,林业工程学院
白杨,内蒙古农业大学,林业工程学院
布鲁呼莫,内蒙古农业大学,林业工程学院
张利亚,内蒙古农业大学,林业工程学院
贺勤,内蒙古农业大学,林业工程学院
姜峰,内蒙古农业大学,林业工程学院
李维生,内蒙古农业大学,林业工程学院
杨锋,内蒙古农业大学,林业工程学院
苗瑞,内蒙古农业大学,林业工程学院
牛耕芜,内蒙古农业大学,林业工程学院
韩涛,内蒙古农业大学,林业工程学院
卢彬,内蒙古农业大学,林业工程学院
李耀,内蒙古农业大学,林业工程学院
李政,内蒙古农业大学,林业工程学院
吕跃孝,内蒙古农业大学,林业工程学院
刘娜,内蒙古农业大学,林业工程学院
李军,内蒙古农业大学,林业工程学院
那敏,内蒙古农业大学,林业工程学院
邱国华,内蒙古农业大学,林业工程学院
马忠民,内蒙古农业大学,林业工程学院
李丽莎,内蒙古农业大学,林业工程学院
鲍德凤,内蒙古农业大学,林业工程学院
任晓曦,内蒙古农业大学,林业工程学院
王建国,内蒙古农业大学,林业工程学院
薛文峰,内蒙古农业大学,林业工程学院
肖岚,内蒙古农业大学,林业工程学院
王雪鹏,内蒙古农业大学,林业工程学院
许春雷,内蒙古农业大学,林业工程学院
吴珊,内蒙古农业大学,林业工程学院
王俊峰,内蒙古农业大学,林业工程学院
屈冉,内蒙古农业大学,林业工程学院
特格喜,内蒙古农业大学,林业工程学院
任美萍,内蒙古农业大学,林业工程学院
王海晓,内蒙古农业大学,林业工程学院
张捷,内蒙古农业大学,林业工程学院
王国忠,内蒙古农业大学,林业工程学院
张雁,内蒙古农业大学,林业工程学院
张云阁,内蒙古农业大学,林业工程学院
田嘉男,内蒙古农业大学,林业工程学院
于晓芳,内蒙古农业大学,林业工程学院
张欣宏,内蒙古农业大学,林业工程学院
武若栋,内蒙古农业大学,林业工程学院
赵红丽,内蒙古农业大学,林业工程学院
张琰,内蒙古农业大学,林业工程学院
王雅梅,内蒙古农业大学,林业工程学院
乌日勒,内蒙古农业大学,林业工程学院
魏汉夫,内蒙古农业大学,林业工程学院
王瑞浩,内蒙古农业大学,林业工程学院
姚宣德,内蒙古农业大学,林业工程学院
杨寿山,内蒙古农业大学,林业工程学院
安玉麟,内蒙古农业大学,农学院
白晨,内蒙古农业大学,农学院
周棣,内蒙古农业大学,林业工程学院
郭世华,内蒙古农业大学,农学院
马立国,内蒙古农业大学,农学院
李立军,内蒙古农业大学,农学院
王树彦,内蒙古农业大学,农学院
张力君,内蒙古农业大学,农学院
逯晓萍,内蒙古农业大学,农学院
张辉,内蒙古农业大学,农学院
张永平,内蒙古农业大学,农学院
张润生,内蒙古农业大学,农学院
王萍,内蒙古农业大学,农学院
陈贵华,内蒙古农业大学,农学院
李晓燕,内蒙古农业大学,农学院
张海明,内蒙古农业大学,农学院
白瑞琴,内蒙古农业大学,农学院
王羽梅,内蒙古农业大学,农学院
刘杰才,内蒙古农业大学,农学院
盛晋华,内蒙古农业大学,农学院
高岩等,内蒙古农业大学,农学院
刘艳,内蒙古农业大学,农学院
史树德,内蒙古农业大学,农学院
马强,内蒙古农业大学,农学院
霍秀文,内蒙古农业大学,农学院
郭金丽,内蒙古农业大学,农学院
张汝民,内蒙古农业大学,农学院
高岩,内蒙古农业大学,农学院
段丽清,内蒙古农业大学,农学院
逯晓平,内蒙古农业大学,农学院
曹立军,内蒙古农业大学,农学院
李晓静,内蒙古农业大学,农学院
景岚,内蒙古农业大学,农学院
周洪友,内蒙古农业大学,农学院
巴特尔,内蒙古农业大学,农学院
陈立红,内蒙古农业大学,农学院
冯淑军,内蒙古农业大学,农学院
李国龙,内蒙古农业大学,农学院
马艳红,内蒙古农业大学,农学院
尚衍重,内蒙古农业大学,农学院
史丽,内蒙古农业大学,农学院
支中生,内蒙古农业大学,农学院
齐葆英,内蒙古农业大学,农学院
景兰副,内蒙古农业大学,农学院
刘志华,内蒙古农业大学,农学院
王曙光,内蒙古农业大学,农学院
贺学勤,内蒙古农业大学,农学院
何丽君,内蒙古农业大学,农学院
郝喜龙,内蒙古农业大学,农学院
孟瑞霞,内蒙古农业大学,农学院
乔辰,内蒙古农业大学,农学院
侯振世,内蒙古农业大学,农学院
孟焕文,内蒙古农业大学,农学院
高利平,内蒙古农业大学,农学院
齐冰洁,内蒙古农业大学,农学院
李海平,内蒙古农业大学,农学院
秦月明,内蒙古农业大学,农学院
刀丽芳,内蒙古农业大学,人文社会科学学院
苏鲁格,内蒙古农业大学,人文社会科学学院
周晓榕,内蒙古农业大学,农学院
孙继颖,内蒙古农业大学,农学院
赵润月,内蒙古农业大学,人文社会科学学院
郑红丽,内蒙古农业大学,农学院
孙亚卿,内蒙古农业大学,农学院
包羽,内蒙古农业大学,人文社会科学学院
娜日斯,内蒙古农业大学,人文社会科学学院
王莹,内蒙古农业大学,农学院
嘎布拉,内蒙古农业大学,人文社会科学学院
杨曙光,内蒙古农业大学,人文社会科学学院
张笑宇,内蒙古农业大学,农学院
燕飞,内蒙古农业大学,人文社会科学学院
杨自立,内蒙古农业大学,农学院
赵建兴,内蒙古农业大学,农学院
桑杰,内蒙古农业大学,人文社会科学学院
杨申扎布,内蒙古农业大学,人文社会科学学院
付国强,内蒙古农业大学,人文社会科学学院
张玲卡,内蒙古农业大学,人文社会科学学院
高丽萍,内蒙古农业大学,人文社会科学学院
萨茹汗,内蒙古农业大学,人文社会科学学院
保德,内蒙古农业大学,人文社会科学学院
姚承芳,内蒙古农业大学,人文社会科学学院
赵君,内蒙古农业大学,农学院
阿古拉,内蒙古农业大学,人文社会科学学院
贾原,内蒙古农业大学,人文社会科学学院
白萨茹拉,内蒙古农业大学,人文社会科学学院
房文双,内蒙古农业大学,人文社会科学学院
王程飞,内蒙古农业大学,人文社会科学学院
郭宝亮,内蒙古农业大学,人文社会科学学院
段兴华,内蒙古农业大学,人文社会科学学院
席锁柱,内蒙古农业大学,人文社会科学学院
苏双平,内蒙古农业大学,人文社会科学学院
杨慧兰,内蒙古农业大学,人文社会科学学院
侯振虎,内蒙古农业大学,人文社会科学学院
刘美玲,内蒙古农业大学,人文社会科学学院
张美英,内蒙古农业大学,人文社会科学学院
乌云高娃,内蒙古农业大学,人文社会科学学院
王利清,内蒙古农业大学,人文社会科学学院
郭耀光,内蒙古农业大学,人文社会科学学院
巴图,内蒙古农业大学,人文社会科学学院
那仁满都拉,内蒙古农业大学,人文社会科学学院
张建新,内蒙古农业大学,人文社会科学学院
周红格,内蒙古农业大学,人文社会科学学院
苏娅,内蒙古农业大学,人文社会科学学院
霍如涛,内蒙古农业大学,人文社会科学学院
黄栓成,内蒙古农业大学,人文社会科学学院
康俊英,内蒙古农业大学,人文社会科学学院
苗中文,内蒙古农业大学,人文社会科学学院
王海波,内蒙古农业大学,人文社会科学学院
张银花,内蒙古农业大学,人文社会科学学院
珠勒花,内蒙古农业大学,人文社会科学学院
李二桃,内蒙古农业大学,人文社会科学学院
范平光,内蒙古农业大学,人文社会科学学院
赛音德力根,内蒙古农业大学,人文社会科学学院
罗兵,内蒙古农业大学,人文社会科学学院
武剑峰,内蒙古农业大学,人文社会科学学院
梁晓涛,内蒙古农业大学,人文社会科学学院
陈井平,内蒙古农业大学,人文社会科学学院
陈秋枫,内蒙古农业大学,人文社会科学学院
包赛音,内蒙古农业大学,人文社会科学学院
马建荣,内蒙古农业大学,人文社会科学学院
苗文忠,内蒙古农业大学,人文社会科学学院
李红霞,内蒙古农业大学,人文社会科学学院
刘漫中,内蒙古农业大学,人文社会科学学院
高宏宇,内蒙古农业大学,人文社会科学学院
齐日曼,内蒙古农业大学,人文社会科学学院
王莉,内蒙古农业大学,人文社会科学学院
吕振合,内蒙古农业大学,人文社会科学学院
萨如汗,内蒙古农业大学,人文社会科学学院
杨慧敏,内蒙古农业大学,人文社会科学学院
刘强,内蒙古农业大学,人文社会科学学院
白萨如拉,内蒙古农业大学,人文社会科学学院
云月华,内蒙古农业大学,人文社会科学学院
王志宏,内蒙古农业大学,人文社会科学学院
尚艳春,内蒙古农业大学,人文社会科学学院
汪海玲,内蒙古农业大学,人文社会科学学院
乌兰巴特尔,内蒙古农业大学,人文社会科学学院
贾克亚,内蒙古农业大学,人文社会科学学院
利音,内蒙古农业大学,人文社会科学学院
安达,内蒙古农业大学,人文社会科学学院
满都拉,内蒙古农业大学,人文社会科学学院
吕合,内蒙古农业大学,人文社会科学学院
高利萍,内蒙古农业大学,人文社会科学学院
冯林,内蒙古农业大学,人文社会科学学院
孟斌,内蒙古农业大学,人文社会科学学院
白丽艳,内蒙古农业大学,人文社会科学学院
秀英,内蒙古农业大学,人文社会科学学院
韩铁荣,内蒙古农业大学,人文社会科学学院
包国荣,内蒙古农业大学,人文社会科学学院
任一峰,内蒙古农业大学,人文社会科学学院
韩瑞平,内蒙古农业大学,人文社会科学学院
白丽燕,内蒙古农业大学,人文社会科学学院
包斯日古愣,内蒙古农业大学,人文社会科学学院
那仁敖其尔,内蒙古农业大学,人文社会科学学院
高翠玲,内蒙古农业大学,人文社会科学学院
冀兆荣,内蒙古农业大学,人文社会科学学院
潘峰,内蒙古农业大学,人文社会科学学院
汪建平,内蒙古农业大学,人文社会科学学院
刘瑞鹏,内蒙古农业大学,人文社会科学学院
刘丰,内蒙古农业大学,人文社会科学学院
史晴,内蒙古农业大学,人文社会科学学院
杜林峰,内蒙古农业大学,人文社会科学学院
金海英,内蒙古农业大学,人文社会科学学院
于翠英,内蒙古农业大学,人文社会科学学院
李俊霞,内蒙古农业大学,人文社会科学学院
舒娅,内蒙古农业大学,人文社会科学学院
苏德毕力格,内蒙古农业大学,人文社会科学学院
孙小平,内蒙古农业大学,人文社会科学学院
傅国强,内蒙古农业大学,人文社会科学学院
王瑞宾,内蒙古农业大学,人文社会科学学院
乌兴安,内蒙古农业大学,人文社会科学学院
米福贵,内蒙古农业大学,生态环境学院
赵树林,内蒙古农业大学,人文社会科学学院
钟恕,内蒙古农业大学,人文社会科学学院
兰登明,内蒙古农业大学,生态环境学院
胡秋芳,内蒙古农业大学,生态环境学院
吴玉红,内蒙古农业大学,人文社会科学学院
谢辉,内蒙古农业大学,人文社会科学学院
乌英嘎,内蒙古农业大学,人文社会科学学院
郑俊宝,内蒙古农业大学,人文社会科学学院
石凤翎,内蒙古农业大学,生态环境学院
金洪,内蒙古农业大学,生态环境学院
王志刚,内蒙古农业大学,人文社会科学学院
贾鲜艳,内蒙古农业大学,生态环境学院
特木尔布和,内蒙古农业大学,生态环境学院
张恩桢,内蒙古农业大学,人文社会科学学院
郑培亮,内蒙古农业大学,人文社会科学学院
彭运翔,内蒙古农业大学,生态环境学院
乌力吉,内蒙古农业大学,人文社会科学学院
邢晋凌,内蒙古农业大学,人文社会科学学院
海棠,内蒙古农业大学,生态环境学院
格根图,内蒙古农业大学,生态环境学院
袁崎,内蒙古农业大学,人文社会科学学院
徐敬珉,内蒙古农业大学,人文社会科学学院
李青丰,内蒙古农业大学,生态环境学院
贾玉山,内蒙古农业大学,生态环境学院
王建光,内蒙古农业大学,生态环境学院
陈杨,内蒙古农业大学,生态环境学院
孙智,内蒙古农业大学,生态环境学院
包翔,内蒙古农业大学,生态环境学院
张众,内蒙古农业大学,生态环境学院
刘静,内蒙古农业大学,生态环境学院
左合君,内蒙古农业大学,生态环境学院
徐军,内蒙古农业大学,生态环境学院
国润才,内蒙古农业大学,生态环境学院
云锦凤,内蒙古农业大学,生态环境学院
王俊杰,内蒙古农业大学,生态环境学院
高永,内蒙古农业大学,生态环境学院
索全义,内蒙古农业大学,生态环境学院
姚云峰,内蒙古农业大学,生态环境学院
魏江生,内蒙古农业大学,生态环境学院
张树森,内蒙古农业大学,生态环境学院
红梅,内蒙古农业大学,生态环境学院
邢海峰,内蒙古农业大学,生态环境学院
许丽,内蒙古农业大学,生态环境学院
李跃进,内蒙古农业大学,生态环境学院
刘美英,内蒙古农业大学,生态环境学院
汪季,内蒙古农业大学,生态环境学院
李霞,内蒙古农业大学,生态环境学院
王勇,内蒙古农业大学,生态环境学院
马玉明,内蒙古农业大学,生态环境学院
格日乐,内蒙古农业大学,生态环境学院
闫琳,内蒙古农业大学,生态环境学院
乌恩,内蒙古农业大学,生态环境学院
王林和,内蒙古农业大学,生态环境学院
刘果厚,内蒙古农业大学,生态环境学院
田秀英,内蒙古农业大学,生态环境学院
段淳清,内蒙古农业大学,生态环境学院
张恩厚,内蒙古农业大学,生态环境学院
燕玲,内蒙古农业大学,生态环境学院
盛艳,内蒙古农业大学,生态环境学院
张武文,内蒙古农业大学,生态环境学院
包斯琴,内蒙古农业大学,生态环境学院
张伟华,内蒙古农业大学,生态环境学院
郭晓虹,内蒙古农业大学,生态环境学院
闫洁,内蒙古农业大学,生态环境学院
孙紫英,内蒙古农业大学,生态环境学院
高科,内蒙古农业大学,生态环境学院
赵金花,内蒙古农业大学,生态环境学院
包亮,内蒙古农业大学,生态环境学院
李造哲,内蒙古农业大学,生态环境学院
桂呈森,内蒙古农业大学,生态环境学院
马秀珍,内蒙古农业大学,生态环境学院
蓝登明,内蒙古农业大学,生态环境学院
张炳文,内蒙古农业大学,生态环境学院
王立群,内蒙古农业大学,生态环境学院
孙旭,内蒙古农业大学,生态环境学院
王桂华,内蒙古农业大学,生态环境学院
王树森,内蒙古农业大学,生态环境学院
陈士超,内蒙古农业大学,生态环境学院
吴丽芝,内蒙古农业大学,生态环境学院
贺晓,内蒙古农业大学,生态环境学院
阿如旱,内蒙古农业大学,生态环境学院
高卫华,内蒙古农业大学,生态环境学院
董占源,内蒙古农业大学,生态环境学院
米艳杰,内蒙古农业大学,生态环境学院
杨瑞杰,内蒙古农业大学,生态环境学院
李勤奋,内蒙古农业大学,生态环境学院
王丽娟,内蒙古农业大学,生态环境学院
胡春元,内蒙古农业大学,生态环境学院
罗于洋,内蒙古农业大学,生态环境学院
高安社,内蒙古农业大学,生态环境学院
焦树英,内蒙古农业大学,生态环境学院
成格尔,内蒙古农业大学,生态环境学院
崔向新,内蒙古农业大学,生态环境学院
李红丽,内蒙古农业大学,生态环境学院
刘瑞香,内蒙古农业大学,生态环境学院
蒙荣,内蒙古农业大学,生态环境学院
刘艾,内蒙古农业大学,生态环境学院
李旺,内蒙古农业大学,生态环境学院
田永明,内蒙古农业大学,生态环境学院
任秀珍,内蒙古农业大学,生态环境学院
董智,内蒙古农业大学,生态环境学院
温国胜,内蒙古农业大学,生态环境学院
杜玉珍,内蒙古农业大学,生态环境学院
乌力更,内蒙古农业大学,生态环境学院
杜丽霞,内蒙古农业大学,生态环境学院
王照兰,内蒙古农业大学,生态环境学院
吴海霞,内蒙古农业大学,生态环境学院
刘艳萍,内蒙古农业大学,生态环境学院
杨静,内蒙古农业大学,生态环境学院
闫玲,内蒙古农业大学,生态环境学院
周丽艳,内蒙古农业大学,生态环境学院
杨茂,内蒙古农业大学,生态环境学院
李斐,内蒙古农业大学,生态环境学院
阿茹旱,内蒙古农业大学,生态环境学院
嘎日迪,内蒙古农业大学,生态环境学院
张小芬,内蒙古农业大学,生态环境学院
袁晓冬,内蒙古农业大学,生态环境学院
许志信,内蒙古农业大学,生态环境学院
张红梅,内蒙古农业大学,农学院
特木尔布,内蒙古农业大学,生态环境学院
赵萌莉,内蒙古农业大学,生态环境学院
赵钢,内蒙古农业大学,生态环境学院
刘迎春,内蒙古农业大学,生物工程学院
高翠萍,内蒙古农业大学,生态环境学院
殷秀杰,内蒙古农业大学,生态环境学院
生态聘一,内蒙古农业大学,生态环境学院
宝力德,内蒙古农业大学,生物工程学院
王玉珍,内蒙古农业大学,生物工程学院
陈国清,内蒙古农业大学,生态环境学院
万永青,内蒙古农业大学,生物工程学院
王成杰,内蒙古农业大学,生态环境学院
朱桂林,内蒙古农业大学,生态环境学院
赵英哲,内蒙古农业大学,生物工程学院
赵利梅,内蒙古农业大学,生态环境学院
白晓昭,内蒙古农业大学,生态环境学院
赵杏花,内蒙古农业大学,生态环境学院
王志林,内蒙古农业大学,生物工程学院
索培芬,内蒙古农业大学,生物工程学院
成培芳,内蒙古农业大学,食品科学与工程学院
王矛雁,内蒙古农业大学,生物工程学院
阿拉腾巴根,内蒙古农业大学,生物工程学院
牧其尔,内蒙古农业大学,生物工程学院
刘汉涛,内蒙古农业大学,食品科学与工程学院
陈忠军,内蒙古农业大学,食品科学与工程学院
张宏斌,内蒙古农业大学,生物工程学院
任燕刚,内蒙古农业大学,生物工程学院
马青枝,内蒙古农业大学,生物工程学院
杨燕,内蒙古农业大学,生物工程学院
刘明越,内蒙古农业大学,食品科学与工程学院
代丽君,内蒙古农业大学,食品科学与工程学院
马蓓,内蒙古农业大学,生物工程学院
邵世勤,内蒙古农业大学,生物工程学院
索兰弟,内蒙古农业大学,生物工程学院
赛音朝克图,内蒙古农业大学,生物工程学院
包海霞,内蒙古农业大学,生物工程学院
张建华,内蒙古农业大学,生物工程学院
丁春明,内蒙古农业大学,食品科学与工程学院
霍烽,内蒙古农业大学,生物工程学院
刘扬,内蒙古农业大学,生物工程学院
付建平,内蒙古农业大学,食品科学与工程学院
赛音朝克,内蒙古农业大学,生物工程学院
刘文俊,内蒙古农业大学,食品科学与工程学院
葛方,内蒙古农业大学,食品科学与工程学院
苏士,内蒙古农业大学,生物工程学院
高爱武,内蒙古农业大学,食品科学与工程学院
杨杨,内蒙古农业大学,食品科学与工程学院
董芳,内蒙古农业大学,食品科学与工程学院
双全,内蒙古农业大学,食品科学与工程学院
苏琳,内蒙古农业大学,食品科学与工程学院
王五月,内蒙古农业大学,食品科学与工程学院
郭光,内蒙古农业大学,水利与土木建筑工程学院
铁力布,内蒙古农业大学,食品科学与工程学院
扎布,内蒙古农业大学,食品科学与工程学院
孙文秀,内蒙古农业大学,食品科学与工程学院
杨桂梧,内蒙古农业大学,食品科学与工程学院
杨飞芸,内蒙古农业大学,食品科学与工程学院
王俊国,内蒙古农业大学,食品科学与工程学院
关冬日,内蒙古农业大学,食品科学与工程学院
田春元,内蒙古农业大学,水利与土木建筑工程学院
苗得淼,内蒙古农业大学,食品科学与工程学院
夏雨春,内蒙古农业大学,食品科学与工程学院
张凤梅,内蒙古农业大学,食品科学与工程学院
黄志强,内蒙古农业大学,食品科学与工程学院
史智勇,内蒙古农业大学,食品科学与工程学院
莎日娜,内蒙古农业大学,食品科学与工程学院
郭军,内蒙古农业大学,食品科学与工程学院
包秋华,内蒙古农业大学,食品科学与工程学院
张曙生,内蒙古农业大学,食品科学与工程学院
郝中保,内蒙古农业大学,水利与土木建筑工程学院
格日乐图,内蒙古农业大学,食品科学与工程学院
杨旭金,内蒙古农业大学,食品科学与工程学院
靳烨等,内蒙古农业大学,食品科学与工程学院
韩育梅,内蒙古农业大学,食品科学与工程学院
霍星,内蒙古农业大学,水利与土木建筑工程学院
刘菲,内蒙古农业大学,水利与土木建筑工程学院
梅金铎,内蒙古农业大学,水利与土木建筑工程学院
贺兵,内蒙古农业大学,水利与土木建筑工程学院
赵秀英,内蒙古农业大学,水利与土木建筑工程学院
郭亮,内蒙古农业大学,水利与土木建筑工程学院
李凤玲,内蒙古农业大学,水利与土木建筑工程学院
高瑞忠,内蒙古农业大学,水利与土木建筑工程学院
曹佩瑶,内蒙古农业大学,水利与土木建筑工程学院
凯文,内蒙古农业大学,水利与土木建筑工程学院
陈立勇,内蒙古农业大学,水利与土木建筑工程学院
达楞,内蒙古农业大学,水利与土木建筑工程学院
陈小芳,内蒙古农业大学,水利与土木建筑工程学院
贾克利,内蒙古农业大学,水利与土木建筑工程学院
冀鸿兰,内蒙古农业大学,水利与土木建筑工程学院
黄亮,内蒙古农业大学,水利与土木建筑工程学院
刘耕耘,内蒙古农业大学,水利与土木建筑工程学院
杜丹丹,内蒙古农业大学,水利与土木建筑工程学院
李喜仓,内蒙古农业大学,水利与土木建筑工程学院
李仙岳,内蒙古农业大学,水利与土木建筑工程学院
刘埃刚,内蒙古农业大学,水利与土木建筑工程学院
刘丽娜,内蒙古农业大学,水利与土木建筑工程学院
张国汉,内蒙古农业大学,水利与土木建筑工程学院
刘天玮,内蒙古农业大学,水利与土木建筑工程学院
李瑞平,内蒙古农业大学,水利与土木建筑工程学院
吕忠义,内蒙古农业大学,水利与土木建筑工程学院
李慧,内蒙古农业大学,水利与土木建筑工程学院
郝忠保,内蒙古农业大学,水利与土木建筑工程学院
袁保慧,内蒙古农业大学,水利与土木建筑工程学院
叶德成,内蒙古农业大学,水利与土木建筑工程学院
彭爱文,内蒙古农业大学,水利与土木建筑工程学院
李明珠,内蒙古农业大学,外国语言学院
徐莉林,内蒙古农业大学,外国语言学院
阿茹罕,内蒙古农业大学,外国语言学院
薛世彪,内蒙古农业大学,外国语言学院
王乌兰,内蒙古农业大学,外国语言学院
赵为,内蒙古农业大学,外国语言学院
王晓慧,内蒙古农业大学,外国语言学院
孙月娥,内蒙古农业大学,外国语言学院
马龙,内蒙古农业大学,水利与土木建筑工程学院
栗丹丹,内蒙古农业大学,外国语言学院
史小红,内蒙古农业大学,水利与土木建筑工程学院
李云,内蒙古农业大学,外国语言学院
杨红,内蒙古农业大学,水利与土木建筑工程学院
王宏伟,内蒙古农业大学,水利与土木建筑工程学院
吴中文,内蒙古农业大学,外国语言学院
马志波,内蒙古农业大学,外国语言学院
彭运潮,内蒙古农业大学,外国语言学院
冯利,内蒙古农业大学,外国语言学院
娜拉,内蒙古农业大学,外国语言学院
杨树清,内蒙古农业大学,水利与土木建筑工程学院
侯天真,内蒙古农业大学,外国语言学院
张燕,内蒙古农业大学,外国语言学院
史艳英,内蒙古农业大学,外国语言学院
李冰玉,内蒙古农业大学,外国语言学院
杨俊恒,内蒙古农业大学,外国语言学院
杨轶龙,内蒙古农业大学,外国语言学院
李剑军,内蒙古农业大学,外国语言学院
黄艳春,内蒙古农业大学,外国语言学院
王云青,内蒙古农业大学,外国语言学院
闫伟生,内蒙古农业大学,外国语言学院
郭琰晖,内蒙古农业大学,外国语言学院
孙塔娜,内蒙古农业大学,外国语言学院
李彦武,内蒙古农业大学,外国语言学院
陈金凤,内蒙古农业大学,外国语言学院
张秀玲,内蒙古农业大学,外国语言学院
郭欣,内蒙古农业大学,外国语言学院
金光宇,内蒙古农业大学,外国语言学院
高霞,内蒙古农业大学,外国语言学院
冯淑琴,内蒙古农业大学,外国语言学院
邱嘉,内蒙古农业大学,外国语言学院
逄晶,内蒙古农业大学,外国语言学院
白小云,内蒙古农业大学,外国语言学院
李伟,内蒙古农业大学,外国语言学院
王兴刚,内蒙古农业大学,外国语言学院
刘向辉,内蒙古农业大学,外国语言学院
陈蓉,内蒙古农业大学,外国语言学院
黄慧丽,内蒙古农业大学,外国语言学院
白爽,内蒙古农业大学,外国语言学院
石晓媛,内蒙古农业大学,外国语言学院
任竹青,内蒙古农业大学,外国语言学院
阿如罕,内蒙古农业大学,外国语言学院
李剑,内蒙古农业大学,外国语言学院
黄永华,内蒙古农业大学,外国语言学院
刘晓博,内蒙古农业大学,外国语言学院
周晓东,内蒙古农业大学,外国语言学院
赵霞,内蒙古农业大学,外国语言学院
王美玲,内蒙古农业大学,外国语言学院
赵春杰,内蒙古农业大学,职业技术学院
李若白,内蒙古农业大学,外国语言学院
武彦君,内蒙古农业大学,外国语言学院
崔超,内蒙古农业大学,外国语言学院
刘金泉,内蒙古农业大学,职业技术学院
吕学理,内蒙古农业大学,中央农业干部教育培训中心农业大学分院
郭海清,内蒙古农业大学,职业技术学院
刘新华,内蒙古农业大学,外国语言学院
冯广林,内蒙古农业大学,外国语言学院
杨艳丽,内蒙古农业大学,外国语言学院
达来,内蒙古农业大学,中央农业干部教育培训中心农业大学分院
姚连胜,内蒙古农业大学,职业技术学院
贺璇,内蒙古农业大学,外国语言学院
赵文姬,内蒙古农业大学,外国语言学院
云占林,内蒙古农业大学,中央农业干部教育培训中心农业大学分院
徐丹丹,内蒙古农业大学,外国语言学院
武芳,内蒙古农业大学,职业技术学院
贺希格玛,内蒙古农业大学,外国语言学院
贾靖扬,内蒙古农业大学,外国语言学院
张佳卉,内蒙古农业大学,外国语言学院
杨春霞,内蒙古农业大学,外国语言学院
李龙梅,内蒙古农业大学,职业技术学院
李春兰,内蒙古农业大学,外国语言学院
郝拉柱,内蒙古农业大学,职业技术学院
史文杰,内蒙古农业大学,体育教学部
刘俊清,内蒙古农业大学,体育教学部
刘延荣,内蒙古农业大学,体育教学部
安永志,内蒙古农业大学,体育教学部
凌弘,内蒙古农业大学,体育教学部
窦晓江,内蒙古农业大学,体育教学部
高旭,内蒙古农业大学,体育教学部
岳灵芝,内蒙古农业大学,体育教学部
樊霞,内蒙古农业大学,体育教学部
陈晓虹,内蒙古农业大学,体育教学部
巴雅尔,内蒙古农业大学,体育教学部
马瑞东,内蒙古农业大学,体育教学部
李海燕,内蒙古农业大学,体育教学部
高罕斌,内蒙古农业大学,体育教学部
潘海波,内蒙古农业大学,体育教学部
葛乐,内蒙古农业大学,体育教学部
李刚,内蒙古农业大学,体育教学部
青春,内蒙古农业大学,体育教学部
郭河,内蒙古农业大学,体育教学部
张贵平,内蒙古农业大学,体育教学部
罗学芳,内蒙古农业大学,体育教学部
李海雁,内蒙古农业大学,体育教学部
郝向军,内蒙古农业大学,体育教学部
侯磊,内蒙古农业大学,体育教学部
乔清秀,内蒙古农业大学,体育教学部
杭宏斌,内蒙古农业大学,体育教学部
赵海,内蒙古农业大学,体育教学部
刘向应,内蒙古农业大学,体育教学部
张秀莲,内蒙古农业大学,体育教学部
王屹博,内蒙古农业大学,体育教学部
李宏,内蒙古农业大学,N/A
田佳美,内蒙古农业大学,N/A
张进才,内蒙古农业大学,体育教学部
邢国忠,内蒙古农业大学,体育教学部
戴维雷诺,内蒙古农业大学,N/A
王少君,内蒙古农业大学,高等教育研究所
温宁,内蒙古农业大学,高等教育研究所
王青春,内蒙古农业大学,体育教学部
杨雷,内蒙古农业大学,N/A
李正元,内蒙古农业大学,高等教育研究所
丁雪华,内蒙古农业大学,高等教育研究所
周远清,内蒙古农业大学,N/A
云荣布扎木苏,内蒙古农业大学,高等教育研究所
孙雷,内蒙古农业大学,N/A
鲍晓艳,内蒙古农业大学,高等教育研究所
刘玉山,内蒙古农业大学,N/A
彭恩,内蒙古农业大学,体育教学部
王林,内蒙古农业大学,体育教学部
张博,内蒙古农业大学,体育教学部
李文军,内蒙古农业大学,N/A
栗霞,内蒙古农业大学,N/A
张春潮,内蒙古农业大学,体育教学部
三野彻,内蒙古农业大学,N/A
龙苏江,内蒙古农业大学,体育教学部
罗锡文,内蒙古农业大学,N/A
崔纯璞,内蒙古农业大学,高等教育研究所
郭万武,内蒙古农业大学,N/A
吉川贤,内蒙古农业大学,N/A
长谷川和久,内蒙古农业大学,N/A
郭江,内蒙古农业大学,N/A
乐古,内蒙古农业大学,N/A
田磊,内蒙古农业大学,N/A
付世良,内蒙古农业大学,N/A
天谷孝夫,内蒙古农业大学,N/A
掘内一男,内蒙古农业大学,N/A
冀北平,内蒙古农业大学,N/A
包庆军,内蒙古农业大学,N/A
桑太格,内蒙古农业大学,N/A
村井吉雅,内蒙古农业大学,N/A
赤江刚夫,内蒙古农业大学,N/A
神近牧男,内蒙古农业大学,N/A
王风刚,内蒙古农业大学,N/A
詹姆斯爱伦,内蒙古农业大学,N/A
丸山征南,内蒙古农业大学,N/A
林农,内蒙古农业大学,N/A
朗格鲁瓦,内蒙古农业大学,N/A
原彻夫,内蒙古农业大学,N/A
雷科夫.维克托.米哈里维奇,内蒙古农业大学,N/A
姓名,内蒙古农业大学,N/A
瓦尔特.威廉姆斯,内蒙古农业大学,N/A
郭明若,内蒙古农业大学,N/A
顾纳浩兰德,内蒙古农业大学,N/A
梅尼西,内蒙古农业大学,N/A
让亚克,内蒙古农业大学,N/A
徐华良,内蒙古农业大学,N/A
宋值符,内蒙古农业大学,N/A
丹尼尔博格,内蒙古农业大学,N/A
龙腾博格,内蒙古农业大学,N/A
云才晓,内蒙古农业大学,N/A
奥尔森卡罗,内蒙古农业大学,N/A
周廷芳,内蒙古农业大学,N/A
王文华,内蒙古农业大学,N/A
庞启,内蒙古农业大学,N/A
陈胜,内蒙古农业大学,N/A
邬宝恒,内蒙古农业大学,N/A
莫日根,内蒙古农业大学,N/A
田占标,内蒙古农业大学,N/A
龙那斯,内蒙古农业大学,N/A
官布,内蒙古农业大学,N/A
惠恩宪,内蒙古农业大学,N/A
王振义,内蒙古农业大学,N/A
童光志,内蒙古农业大学,N/A
哈桑,内蒙古农业大学,生物工程学院
马岩松,内蒙古农业大学,N/A
张振武,内蒙古农业大学,N/A
许燕辉,内蒙古农业大学,N/A
张勇,内蒙古农业大学,N/A
张乐义,内蒙古农业大学,N/A
康乐,内蒙古农业大学,N/A
高换文,内蒙古农业大学,N/A
丁韬,内蒙古农业大学,N/A
张刚彦,内蒙古农业大学,N/A
夏日,内蒙古农业大学,N/A
云德奎,内蒙古农业大学,N/A
严瑞珍,内蒙古农业大学,N/A
金菊良,内蒙古农业大学,N/A
高锡林,内蒙古农业大学,N/A
雷朝滋,内蒙古农业大学,N/A
张宝忠,内蒙古农业大学,N/A
郝建国,内蒙古农业大学,N/A
程漱兰,内蒙古农业大学,N/A
鹿凯宁,内蒙古农业大学,N/A
梅方权,内蒙古农业大学,N/A
佟金,内蒙古农业大学,N/A
朱传礼,内蒙古农业大学,N/A
于铁夫,内蒙古农业大学,N/A
张廷武,内蒙古农业大学,N/A
邹立杰,内蒙古农业大学,N/A
徐凤君,内蒙古农业大学,N/A
伏来旺,内蒙古农业大学,N/A
王维山,内蒙古农业大学,N/A
谭向勇,内蒙古农业大学,N/A
赵文元,内蒙古农业大学,N/A
李主其,内蒙古农业大学,经济管理学院
魏德运,内蒙古农业大学,N/A
贾幼陵,内蒙古农业大学,N/A
张太平,内蒙古农业大学,N/A
严伟,内蒙古农业大学,林学院
洪绂曾,内蒙古农业大学,N/A
李玉荣,内蒙古农业大学,N/A
王武文,内蒙古农业大学,N/A
王和林,内蒙古农业大学,N/A
章祖同,内蒙古农业大学,N/A
陈昌和,内蒙古农业大学,N/A
吴永敷,内蒙古农业大学,N/A
刘钟龄,内蒙古农业大学,N/A
崔秀萍,内蒙古农业大学,N/A
苑涛,内蒙古农业大学,N/A
韩烈保,内蒙古农业大学,N/A
景蕊莲,内蒙古农业大学,N/A
姚洪林,内蒙古农业大学,N/A
云战友,内蒙古农业大学,N/A
奈民夫,内蒙古农业大学,N/A
周禾,内蒙古农业大学,N/A
王炜,内蒙古农业大学,N/A
杨自湘,内蒙古农业大学,N/A
张秀芬,内蒙古农业大学,N/A
刘景涛,内蒙古农业大学,N/A
国家气象局,内蒙古农业大学,N/A
邹受益,内蒙古农业大学,N/A
姚云蜂,内蒙古农业大学,N/A
曹致忠,内蒙古农业大学,N/A
高陵岩,内蒙古农业大学,N/A
DavidKemp,内蒙古农业大学,N/A
董智等,内蒙古农业大学,N/A
徐柱,内蒙古农业大学,N/A
邢旗,内蒙古农业大学,N/A
高炳德,内蒙古农业大学,N/A
陈寿朋,内蒙古农业大学,N/A
孙吉雄,内蒙古农业大学,N/A
玉柱,内蒙古农业大学,N/A
赵廷宁,内蒙古农业大学,N/A
石凤玲,内蒙古农业大学,生态环境学院
孙向阳,内蒙古农业大学,N/A
张洪江,内蒙古农业大学,N/A
德力格尔,内蒙古农业大学,其它
龙瑞军,内蒙古农业大学,N/A
胡日庆,内蒙古农业大学,N/A
戎郁萍,内蒙古农业大学,N/A
吴发启,内蒙古农业大学,N/A
吴新宏,内蒙古农业大学,N/A
陈世黄,内蒙古农业大学,N/A
马瑞昌,内蒙古农业大学,N/A
张英俊,内蒙古农业大学,N/A
姚拓,内蒙古农业大学,N/A
毛培胜,内蒙古农业大学,N/A
李阳春,内蒙古农业大学,N/A
白秀,内蒙古农业大学,N/A
陈金书,内蒙古农业大学,N/A
韩建国,内蒙古农业大学,N/A
刘秉正,内蒙古农业大学,N/A
包永红,内蒙古农业大学,职业技术学院
符义坤,内蒙古农业大学,N/A
王利群,内蒙古农业大学,N/A
石雷,内蒙古农业大学,N/A
丁国栋,内蒙古农业大学,N/A
陈建芮,内蒙古农业大学,N/A
孙迄,内蒙古农业大学,N/A
梁弘,内蒙古农业大学,N/A
陈秋凤,内蒙古农业大学,N/A
宝花,内蒙古农业大学,N/A
李东香,内蒙古农业大学,N/A
王艳霞,内蒙古农业大学,N/A
霍翠玲,内蒙古农业大学,N/A
杨小红,内蒙古农业大学,N/A
吴利彬,内蒙古农业大学,N/A
候先志,内蒙古农业大学,N/A
候振虎,内蒙古农业大学,N/A
王讯,内蒙古农业大学,N/A
吴秀英,内蒙古农业大学,N/A
徐小静,内蒙古农业大学,动物科学与医学学院
秦烨,内蒙古农业大学,职业技术学院
王静林,内蒙古农业大学,N/A
攀明寿,内蒙古农业大学,N/A
荣如侠,内蒙古农业大学,N/A
闫着晓,内蒙古农业大学,N/A
孟凡杰,内蒙古农业大学,经济管理学院
刘艳林,内蒙古农业大学,N/A
崔文芳,内蒙古农业大学,N/A
葛利娟,内蒙古农业大学,N/A
董素芹,内蒙古农业大学,职业技术学院
李晓利,内蒙古农业大学,N/A
杨海燕,内蒙古农业大学,职业技术学院
王小飞,内蒙古农业大学,N/A
杨丹丹,内蒙古农业大学,职业技术学院
吴兴梅,内蒙古农业大学,职业技术学院
赵椿霖,内蒙古农业大学,N/A
崔立尉,内蒙古农业大学,计算机与信息工程学院
苏颖,内蒙古农业大学,外国语言学院
额尔顿夫,内蒙古农业大学,N/A
卢新春,内蒙古农业大学,机电工程学院
赵训,内蒙古农业大学,生态环境学院
张振,内蒙古农业大学,N/A
赵欢乐,内蒙古农业大学,N/A
张小娟,内蒙古农业大学,N/A
潘福成,内蒙古农业大学,机电工程学院
柴浩然,内蒙古农业大学,机电工程学院
李成斌,内蒙古农业大学,机电工程学院
常云,内蒙古农业大学,外国语言学院
宝音都仍,内蒙古农业大学,N/A
